,x1,x2
1050,347.65625,2269.53125
533,351.5625,2226.5625
912,320.3125,2312.5
228,320.3125,2199.21875
172,312.5,2257.8125
906,335.9375,2339.84375
2026,253.90625,2277.34375
1377,308.59375,2277.34375
1158,371.09375,2234.375
1955,277.34375,2355.46875
636,304.6875,2261.71875
44,253.90625,2371.09375
356,351.5625,2207.03125
1155,308.59375,2210.9375
1727,320.3125,2406.25
93,253.90625,2320.3125
281,343.75,2019.53125
72,265.625,2355.46875
1407,320.3125,2246.09375
1382,312.5,2292.96875
862,292.96875,2289.0625
449,367.1875,2207.03125
1841,296.875,2273.4375
957,320.3125,2308.59375
991,359.375,2265.625
1555,320.3125,2359.375
1132,304.6875,2199.21875
2075,285.15625,2339.84375
661,289.0625,2273.4375
12,250.0,2328.125
1905,281.25,2246.09375
1907,308.59375,2289.0625
588,289.0625,2277.34375
795,269.53125,2289.0625
1162,312.5,2222.65625
1473,328.125,2339.84375
889,289.0625,2277.34375
2136,250.0,2324.21875
2218,269.53125,2312.5
1835,296.875,2242.1875
2318,253.90625,2371.09375
998,312.5,2269.53125
2366,207.03125,2433.59375
438,371.09375,2179.6875
367,371.09375,2140.625
972,289.0625,2265.625
1205,308.59375,2324.21875
387,343.75,2152.34375
2216,257.8125,2324.21875
2341,246.09375,2355.46875
2015,296.875,2281.25
2361,246.09375,2363.28125
1429,296.875,2210.9375
346,332.03125,2199.21875
1625,308.59375,2414.0625
1999,226.5625,2222.65625
1191,300.78125,2328.125
537,355.46875,2226.5625
1010,316.40625,2281.25
1936,289.0625,2355.46875
70,261.71875,2355.46875
878,289.0625,2296.875
1175,289.0625,2261.71875
1091,308.59375,2269.53125
925,296.875,2292.96875
1268,316.40625,2328.125
2145,246.09375,2359.375
592,289.0625,2292.96875
316,324.21875,2167.96875
1458,312.5,2292.96875
1900,234.375,2207.03125
699,281.25,2292.96875
2083,300.78125,2261.71875
403,351.5625,2171.875
818,273.4375,2343.75
1749,312.5,2312.5
641,296.875,2257.8125
1080,269.53125,2269.53125
159,300.78125,2242.1875
1356,292.96875,2273.4375
829,265.625,2332.03125
76,265.625,2351.5625
882,300.78125,2289.0625
1249,316.40625,2312.5
2382,261.71875,2339.84375
498,328.125,2191.40625
348,332.03125,2199.21875
2070,281.25,2257.8125
927,273.4375,2281.25
1517,316.40625,2472.65625
439,367.1875,2179.6875
232,320.3125,2199.21875
2039,277.34375,2292.96875
2364,316.40625,2339.84375
1229,320.3125,2332.03125
1626,312.5,2425.78125
975,312.5,2273.4375
1613,304.6875,2363.28125
1750,320.3125,2300.78125
106,289.0625,2277.34375
351,335.9375,2203.125
864,300.78125,2289.0625
1522,320.3125,2453.125
222,328.125,2191.40625
1712,335.9375,2445.3125
581,367.1875,2203.125
567,359.375,2234.375
1667,335.9375,2417.96875
83,261.71875,2332.03125
48,277.34375,2382.8125
87,261.71875,2355.46875
1674,339.84375,2414.0625
844,292.96875,2292.96875
1726,320.3125,2421.875
1860,332.03125,2218.75
819,312.5,2343.75
455,371.09375,2199.21875
392,351.5625,2160.15625
937,277.34375,2300.78125
205,328.125,2144.53125
1097,289.0625,2234.375
2013,285.15625,2289.0625
116,281.25,2253.90625
926,273.4375,2292.96875
1329,285.15625,2214.84375
1777,312.5,2257.8125
557,363.28125,2226.5625
1949,265.625,2312.5
908,332.03125,2339.84375
508,324.21875,2195.3125
1506,316.40625,2476.5625
1723,332.03125,2410.15625
1725,328.125,2417.96875
256,312.5,2203.125
1144,351.5625,2210.9375
1645,320.3125,2488.28125
1889,300.78125,2195.3125
2253,210.9375,1769.53125
867,296.875,2289.0625
1479,324.21875,2402.34375
1366,308.59375,2265.625
2308,277.34375,2339.84375
1280,304.6875,2277.34375
1787,281.25,2292.96875
478,308.59375,2183.59375
127,296.875,2132.8125
589,296.875,2289.0625
1239,320.3125,2296.875
166,304.6875,2257.8125
17,234.375,2386.71875
2138,250.0,2328.125
43,269.53125,2375.0
1780,320.3125,2285.15625
1633,316.40625,2472.65625
1208,308.59375,2312.5
2201,269.53125,2320.3125
298,308.59375,2140.625
1874,320.3125,2218.75
196,320.3125,2125.0
3,238.28125,2402.34375
1596,289.0625,2289.0625
1873,316.40625,2226.5625
705,292.96875,2300.78125
2198,261.71875,2320.3125
1699,335.9375,2457.03125
2203,265.625,2320.3125
239,312.5,2203.125
2260,214.84375,2281.25
1079,335.9375,2285.15625
1524,328.125,2449.21875
603,277.34375,2304.6875
1100,273.4375,2226.5625
310,312.5,2156.25
2053,265.625,2277.34375
679,312.5,2296.875
2301,238.28125,2398.4375
1995,242.1875,2238.28125
291,312.5,2082.03125
1400,316.40625,2261.71875
996,332.03125,2269.53125
1928,261.71875,2343.75
8,296.875,2378.90625
1980,265.625,2351.5625
272,347.65625,2226.5625
334,332.03125,2195.3125
1233,316.40625,2308.59375
1979,375.0,2273.4375
227,324.21875,2195.3125
290,355.46875,2078.125
1807,289.0625,2218.75
741,300.78125,2296.875
1502,316.40625,2460.9375
1663,339.84375,2398.4375
777,296.875,2238.28125
307,312.5,2164.0625
396,335.9375,2160.15625
1690,335.9375,2464.84375
1888,308.59375,2199.21875
480,304.6875,2183.59375
238,320.3125,2203.125
1609,320.3125,2316.40625
760,292.96875,2273.4375
1532,328.125,2406.25
209,328.125,2152.34375
792,351.5625,2371.09375
1651,332.03125,2417.96875
1670,339.84375,2417.96875
710,265.625,2285.15625
707,265.625,2292.96875
1921,273.4375,2335.9375
1120,328.125,2214.84375
1977,304.6875,2406.25
697,277.34375,2300.78125
2014,265.625,2257.8125
612,292.96875,2312.5
2208,261.71875,2324.21875
422,359.375,2183.59375
286,339.84375,2046.875
173,324.21875,2246.09375
134,300.78125,2195.3125
2231,277.34375,2468.75
2130,246.09375,2312.5
1138,292.96875,2195.3125
2030,261.71875,2285.15625
684,277.34375,2296.875
1259,304.6875,2320.3125
731,277.34375,2308.59375
713,328.125,2300.78125
1028,316.40625,2281.25
2261,269.53125,2292.96875
1557,320.3125,2375.0
412,359.375,2183.59375
1637,320.3125,2476.5625
1542,328.125,2363.28125
94,257.8125,2324.21875
1597,312.5,2253.90625
918,312.5,2289.0625
2131,250.0,2316.40625
1806,281.25,2226.5625
1815,289.0625,2218.75
2328,246.09375,2363.28125
630,296.875,2261.71875
1484,332.03125,2449.21875
1926,250.0,2332.03125
2016,277.34375,2296.875
1450,289.0625,2296.875
2174,285.15625,2320.3125
1693,339.84375,2468.75
2346,246.09375,2359.375
558,359.375,2226.5625
2295,253.90625,2386.71875
502,343.75,2191.40625
138,296.875,2199.21875
2081,324.21875,2242.1875
1455,324.21875,2281.25
1062,289.0625,2289.0625
442,375.0,2179.6875
2372,238.28125,2242.1875
1383,320.3125,2285.15625
607,289.0625,2304.6875
1193,300.78125,2332.03125
270,328.125,2230.46875
2330,246.09375,2371.09375
899,316.40625,2285.15625
907,347.65625,2363.28125
358,367.1875,2203.125
2082,292.96875,2250.0
566,363.28125,2230.46875
384,339.84375,2152.34375
651,300.78125,2273.4375
500,332.03125,2191.40625
269,332.03125,2234.375
6,277.34375,1886.71875
333,324.21875,2195.3125
331,328.125,2199.21875
1627,312.5,2429.6875
617,296.875,2300.78125
2266,230.46875,2324.21875
793,210.9375,2304.6875
1967,253.90625,2335.9375
836,328.125,2324.21875
2268,269.53125,2425.78125
476,308.59375,2171.875
1035,359.375,2292.96875
2027,277.34375,2296.875
1602,292.96875,2281.25
335,328.125,2195.3125
408,351.5625,2183.59375
848,277.34375,2277.34375
1365,300.78125,2269.53125
1963,281.25,2359.375
354,343.75,2207.03125
467,328.125,2105.46875
1234,320.3125,2332.03125
945,277.34375,2304.6875
141,300.78125,2199.21875
223,328.125,2191.40625
1240,316.40625,2292.96875
1424,296.875,2269.53125
1740,312.5,2437.5
2137,246.09375,2320.3125
2225,261.71875,2355.46875
2187,253.90625,2320.3125
663,304.6875,2289.0625
1864,320.3125,2238.28125
1427,316.40625,2226.5625
782,304.6875,2265.625
1829,296.875,2269.53125
521,335.9375,2199.21875
1559,316.40625,2363.28125
273,328.125,2210.9375
2343,234.375,2359.375
186,308.59375,2214.84375
2338,250.0,2351.5625
160,300.78125,2242.1875
1590,304.6875,2234.375
1703,335.9375,2445.3125
808,320.3125,2335.9375
463,371.09375,2191.40625
1140,308.59375,2203.125
1184,296.875,2304.6875
407,351.5625,2179.6875
530,351.5625,2222.65625
1288,320.3125,2242.1875
898,359.375,2289.0625
1564,308.59375,2359.375
1333,281.25,2222.65625
369,378.90625,2093.75
544,359.375,2230.46875
147,296.875,2226.5625
681,269.53125,2308.59375
400,343.75,2164.0625
1608,312.5,2312.5
386,339.84375,2152.34375
958,289.0625,2304.6875
1225,347.65625,2285.15625
997,339.84375,2269.53125
203,320.3125,2148.4375
2124,246.09375,2292.96875
774,292.96875,2250.0
73,265.625,2347.65625
1476,335.9375,2367.1875
849,277.34375,2281.25
1475,332.03125,2371.09375
747,300.78125,2289.0625
1336,281.25,2222.65625
1082,265.625,2265.625
1695,339.84375,2457.03125
1958,285.15625,2351.5625
1361,296.875,2273.4375
950,292.96875,2304.6875
2200,261.71875,2316.40625
1579,316.40625,2207.03125
1318,269.53125,2179.6875
328,332.03125,2199.21875
1985,1707.03125,2257.8125
1953,281.25,2359.375
1289,335.9375,2246.09375
579,378.90625,2218.75
1374,304.6875,2277.34375
496,332.03125,2187.5
1938,269.53125,2339.84375
462,375.0,2199.21875
1664,328.125,2417.96875
349,335.9375,2203.125
1350,289.0625,2246.09375
432,363.28125,2183.59375
2299,257.8125,2398.4375
623,292.96875,2269.53125
2229,320.3125,2363.28125
2049,292.96875,2261.71875
61,269.53125,2351.5625
2365,316.40625,2386.71875
1771,292.96875,2289.0625
1632,320.3125,2457.03125
120,781.25,2277.34375
2097,324.21875,2253.90625
1437,296.875,2164.0625
1335,281.25,2218.75
271,332.03125,2226.5625
1482,332.03125,2437.5
1890,320.3125,2183.59375
20,277.34375,2371.09375
381,335.9375,2156.25
2219,273.4375,2324.21875
639,296.875,2261.71875
1168,304.6875,2210.9375
920,281.25,2304.6875
1685,332.03125,2468.75
2172,261.71875,2328.125
2057,285.15625,2222.65625
1282,320.3125,2281.25
1391,300.78125,2261.71875
161,304.6875,2250.0
1092,292.96875,2265.625
732,304.6875,2312.5
317,328.125,2179.6875
258,316.40625,2203.125
413,359.375,2183.59375
1620,308.59375,2386.71875
2271,273.4375,2312.5
737,292.96875,2308.59375
2185,253.90625,2320.3125
155,304.6875,2238.28125
2368,226.5625,2378.90625
1067,335.9375,2296.875
77,261.71875,2343.75
2204,265.625,2304.6875
1171,296.875,2242.1875
1793,273.4375,2281.25
1298,308.59375,2234.375
2093,285.15625,2250.0
123,343.75,2132.8125
900,343.75,2292.96875
826,324.21875,2339.84375
2380,253.90625,2351.5625
2194,261.71875,2316.40625
2256,277.34375,2332.03125
441,363.28125,2179.6875
136,296.875,2199.21875
842,292.96875,2296.875
1811,289.0625,2218.75
2073,277.34375,2261.71875
135,300.78125,2191.40625
229,320.3125,2203.125
397,335.9375,2160.15625
213,324.21875,2175.78125
978,304.6875,2265.625
1628,320.3125,2417.96875
2314,242.1875,2363.28125
1020,304.6875,2265.625
917,335.9375,2261.71875
1865,324.21875,2250.0
1066,347.65625,2304.6875
1917,261.71875,2324.21875
2351,253.90625,2351.5625
1,265.625,2335.9375
459,398.4375,2210.9375
1102,339.84375,2238.28125
1331,277.34375,2218.75
765,304.6875,2273.4375
976,320.3125,2273.4375
1368,304.6875,2285.15625
1991,265.625,2207.03125
9,289.0625,1898.4375
2004,253.90625,2312.5
2217,257.8125,2394.53125
248,316.40625,2199.21875
2310,250.0,2371.09375
1485,328.125,2457.03125
1453,179.6875,2300.78125
2038,269.53125,2281.25
1552,335.9375,2367.1875
1460,304.6875,2269.53125
2005,292.96875,2246.09375
1516,316.40625,2476.5625
2079,281.25,2269.53125
1188,300.78125,2320.3125
27,261.71875,2378.90625
71,261.71875,2351.5625
1040,355.46875,2304.6875
1824,292.96875,2246.09375
985,316.40625,2273.4375
1301,332.03125,2281.25
2148,250.0,2343.75
1571,296.875,2285.15625
1236,316.40625,2316.40625
2294,238.28125,2390.625
1580,324.21875,2156.25
1954,257.8125,2371.09375
1754,320.3125,2312.5
915,332.03125,2265.625
241,320.3125,2207.03125
1389,320.3125,2269.53125
730,277.34375,2308.59375
1808,289.0625,2234.375
1604,304.6875,2328.125
542,359.375,2230.46875
1820,296.875,2234.375
928,304.6875,2285.15625
119,289.0625,2269.53125
843,289.0625,2296.875
144,296.875,2214.84375
2251,316.40625,2121.09375
678,214.84375,2261.71875
1089,269.53125,2281.25
1646,328.125,2437.5
1800,277.34375,2257.8125
2190,253.90625,2320.3125
283,324.21875,2023.4375
2072,281.25,2261.71875
154,289.0625,2234.375
2263,257.8125,2371.09375
1096,277.34375,2242.1875
1796,285.15625,2296.875
121,347.65625,2179.6875
1306,261.71875,2128.90625
321,332.03125,2195.3125
1139,296.875,2199.21875
2303,250.0,2382.8125
398,347.65625,2164.0625
103,253.90625,2300.78125
35,265.625,2390.625
28,238.28125,2375.0
429,363.28125,2183.59375
725,316.40625,2296.875
457,367.1875,2199.21875
1231,316.40625,2316.40625
1178,296.875,2285.15625
1114,335.9375,2234.375
246,316.40625,2199.21875
1757,324.21875,2359.375
1111,343.75,2238.28125
1022,320.3125,2269.53125
1074,261.71875,2273.4375
1747,304.6875,2312.5
214,328.125,2164.0625
961,343.75,2308.59375
2178,261.71875,2328.125
1099,320.3125,2234.375
1136,339.84375,2210.9375
1497,300.78125,2449.21875
729,277.34375,2308.59375
1638,316.40625,2457.03125
251,316.40625,2199.21875
522,339.84375,2203.125
946,324.21875,2312.5
1063,281.25,2289.0625
1895,320.3125,2183.59375
662,289.0625,2277.34375
1833,296.875,2257.8125
519,343.75,2195.3125
1568,308.59375,2328.125
184,320.3125,2234.375
1984,261.71875,2324.21875
370,359.375,2105.46875
804,296.875,2316.40625
698,281.25,2292.96875
902,324.21875,2300.78125
36,269.53125,2398.4375
2164,257.8125,2332.03125
1656,335.9375,2425.78125
2347,253.90625,2347.65625
1134,296.875,2203.125
827,289.0625,2335.9375
541,359.375,2230.46875
250,316.40625,2199.21875
1443,296.875,2160.15625
1839,300.78125,2273.4375
667,289.0625,2292.96875
1274,312.5,2324.21875
464,382.8125,2187.5
728,281.25,2296.875
909,359.375,2339.84375
895,281.25,2265.625
2110,980.46875,1980.46875
1530,335.9375,2417.96875
1202,320.3125,2308.59375
1492,320.3125,2464.84375
2230,308.59375,2269.53125
322,328.125,2195.3125
225,316.40625,2187.5
1156,367.1875,2230.46875
148,300.78125,2226.5625
571,347.65625,2218.75
856,281.25,2285.15625
145,304.6875,2218.75
1305,242.1875,1988.28125
565,363.28125,2230.46875
1232,316.40625,2320.3125
389,335.9375,2164.0625
2317,250.0,2375.0
1011,320.3125,2281.25
1166,347.65625,2187.5
1514,312.5,2476.5625
637,300.78125,2261.71875
706,304.6875,2300.78125
257,339.84375,2203.125
1635,320.3125,2460.9375
570,355.46875,2226.5625
1169,300.78125,2222.65625
529,347.65625,2222.65625
2321,246.09375,2367.1875
2159,257.8125,2335.9375
1677,332.03125,2417.96875
1113,343.75,2238.28125
695,312.5,2300.78125
1118,308.59375,2218.75
1060,339.84375,2296.875
1187,312.5,2292.96875
1294,328.125,2250.0
2192,265.625,2320.3125
311,320.3125,2160.15625
775,308.59375,2250.0
2095,285.15625,2242.1875
1710,343.75,2449.21875
2121,246.09375,2273.4375
1876,316.40625,2203.125
130,296.875,2183.59375
2211,265.625,2316.40625
393,339.84375,2164.0625
444,394.53125,2179.6875
953,328.125,2316.40625
1312,292.96875,2125.0
2165,257.8125,2332.03125
355,351.5625,2207.03125
1083,273.4375,2273.4375
2334,269.53125,2351.5625
207,324.21875,2152.34375
512,351.5625,2191.40625
1098,339.84375,2238.28125
999,320.3125,2277.34375
1573,312.5,2273.4375
1854,300.78125,2265.625
659,300.78125,2269.53125
965,320.3125,2296.875
2012,277.34375,2257.8125
721,277.34375,2292.96875
1026,316.40625,2277.34375
1863,332.03125,2234.375
1922,285.15625,2335.9375
423,363.28125,2183.59375
361,363.28125,2207.03125
277,347.65625,2148.4375
1822,289.0625,2246.09375
2034,265.625,2285.15625
14,261.71875,2339.84375
2061,269.53125,2253.90625
1371,316.40625,2273.4375
1043,285.15625,2269.53125
1975,269.53125,2316.40625
2133,242.1875,2316.40625
1297,339.84375,2261.71875
1338,285.15625,2246.09375
88,273.4375,2351.5625
1308,304.6875,2097.65625
91,261.71875,2332.03125
2332,250.0,2363.28125
170,312.5,2253.90625
247,320.3125,2195.3125
1763,453.125,2265.625
1078,289.0625,2277.34375
482,296.875,2179.6875
204,324.21875,2148.4375
1528,332.03125,2429.6875
2360,277.34375,2316.40625
2287,246.09375,2410.15625
1983,265.625,2359.375
1541,332.03125,2363.28125
1367,300.78125,2277.34375
1012,328.125,2281.25
2037,277.34375,2285.15625
1303,324.21875,2312.5
2333,250.0,2355.46875
951,339.84375,2320.3125
1982,281.25,2332.03125
1279,359.375,2269.53125
1417,304.6875,2300.78125
2297,257.8125,2398.4375
2059,273.4375,2261.71875
2062,292.96875,2246.09375
1488,324.21875,2457.03125
452,375.0,2203.125
766,324.21875,2265.625
528,355.46875,2218.75
1135,332.03125,2210.9375
440,367.1875,2179.6875
198,324.21875,2144.53125
485,320.3125,2183.59375
752,304.6875,2289.0625
643,296.875,2257.8125
1875,320.3125,2214.84375
2167,257.8125,2335.9375
189,289.0625,2160.15625
231,320.3125,2195.3125
520,335.9375,2195.3125
1853,300.78125,2265.625
1868,324.21875,2246.09375
167,289.0625,2253.90625
1423,304.6875,2296.875
1442,312.5,2156.25
1164,316.40625,2191.40625
1786,296.875,2289.0625
434,367.1875,2187.5
1719,339.84375,2433.59375
1396,316.40625,2269.53125
53,265.625,2371.09375
1622,308.59375,2390.625
1606,320.3125,2289.0625
395,332.03125,2156.25
1539,335.9375,2367.1875
1896,308.59375,2175.78125
505,335.9375,2191.40625
734,292.96875,2308.59375
703,289.0625,2296.875
2182,265.625,2320.3125
1197,308.59375,2332.03125
371,398.4375,2121.09375
624,296.875,2261.71875
2273,226.5625,2339.84375
1189,308.59375,2304.6875
1395,316.40625,2265.625
850,273.4375,2277.34375
301,324.21875,2152.34375
1073,285.15625,2273.4375
2383,351.5625,2398.4375
791,402.34375,2203.125
425,367.1875,2187.5
347,332.03125,2199.21875
979,312.5,2269.53125
2040,277.34375,2281.25
1619,304.6875,2402.34375
984,316.40625,2273.4375
1456,308.59375,2281.25
233,316.40625,2199.21875
278,363.28125,2121.09375
193,324.21875,2101.5625
1538,335.9375,2371.09375
2036,273.4375,2285.15625
243,316.40625,2203.125
894,351.5625,2277.34375
181,300.78125,2238.28125
177,289.0625,2250.0
1053,402.34375,2253.90625
2238,312.5,2136.71875
2104,292.96875,2207.03125
1411,312.5,2300.78125
1714,335.9375,2445.3125
1352,304.6875,2250.0
971,316.40625,2273.4375
590,296.875,2285.15625
1470,335.9375,2347.65625
1790,277.34375,2289.0625
332,328.125,2199.21875
2386,1003.90625,1683.59375
1015,308.59375,2269.53125
342,347.65625,2203.125
201,316.40625,2140.625
15,277.34375,2382.8125
933,332.03125,2292.96875
1264,304.6875,2320.3125
260,308.59375,2210.9375
224,324.21875,2191.40625
1804,285.15625,2234.375
2272,312.5,2195.3125
1679,324.21875,2421.875
861,292.96875,2289.0625
433,359.375,2183.59375
2029,269.53125,2289.0625
33,261.71875,2382.8125
1816,289.0625,2234.375
140,347.65625,2183.59375
2126,242.1875,2289.0625
208,324.21875,2156.25
2348,242.1875,2339.84375
1131,308.59375,2199.21875
1887,304.6875,2214.84375
1826,289.0625,2250.0
1143,343.75,2207.03125
1569,328.125,2316.40625
62,257.8125,2347.65625
809,265.625,2324.21875
650,300.78125,2265.625
162,304.6875,2253.90625
919,285.15625,2292.96875
1141,296.875,2203.125
801,257.8125,2304.6875
1636,320.3125,2449.21875
1898,312.5,2144.53125
2018,261.71875,2300.78125
1009,312.5,2281.25
1174,332.03125,2218.75
1031,355.46875,2285.15625
337,328.125,2191.40625
1698,332.03125,2460.9375
1586,304.6875,2246.09375
550,359.375,2226.5625
954,285.15625,2304.6875
845,292.96875,2292.96875
382,339.84375,2152.34375
914,316.40625,2277.34375
609,300.78125,2312.5
1661,339.84375,2417.96875
1717,328.125,2433.59375
1112,289.0625,2226.5625
1851,296.875,2265.625
2183,253.90625,2328.125
980,304.6875,2265.625
2236,308.59375,2289.0625
1716,332.03125,2429.6875
1971,300.78125,2324.21875
1006,335.9375,2285.15625
2086,296.875,2257.8125
563,355.46875,2234.375
146,296.875,2210.9375
2153,265.625,2316.40625
101,257.8125,2289.0625
388,347.65625,2164.0625
599,281.25,2296.875
1909,253.90625,2296.875
325,328.125,2199.21875
1862,324.21875,2222.65625
1730,316.40625,2398.4375
38,250.0,2390.625
1214,312.5,2304.6875
1659,339.84375,2414.0625
1005,300.78125,2281.25
1818,289.0625,2238.28125
1108,320.3125,2234.375
2248,1937.5,2304.6875
1798,269.53125,2265.625
366,355.46875,2160.15625
1553,324.21875,2371.09375
2043,265.625,2273.4375
1310,304.6875,2136.71875
523,335.9375,2210.9375
784,316.40625,2285.15625
1592,292.96875,2261.71875
1047,332.03125,2246.09375
2067,273.4375,2265.625
952,289.0625,2308.59375
1607,304.6875,2320.3125
96,281.25,2312.5
2362,281.25,2261.71875
448,367.1875,2199.21875
1812,289.0625,2222.65625
686,308.59375,2296.875
2001,242.1875,2300.78125
1330,277.34375,2218.75
280,394.53125,2031.25
1881,320.3125,2199.21875
1351,300.78125,2242.1875
2375,285.15625,2316.40625
1700,335.9375,2457.03125
2052,253.90625,2281.25
1344,292.96875,2253.90625
516,343.75,2187.5
1322,292.96875,2171.875
1463,300.78125,2308.59375
497,335.9375,2187.5
378,343.75,2140.625
644,296.875,2253.90625
451,375.0,2210.9375
859,304.6875,2289.0625
1758,320.3125,2156.25
935,335.9375,2304.6875
1068,328.125,2296.875
1986,1539.0625,2121.09375
1357,296.875,2273.4375
652,296.875,2273.4375
1334,277.34375,2210.9375
572,359.375,2218.75
1964,285.15625,2339.84375
1059,273.4375,2289.0625
63,273.4375,2347.65625
474,308.59375,2171.875
1039,363.28125,2292.96875
285,339.84375,2042.96875
1743,308.59375,2394.53125
716,285.15625,2292.96875
2031,265.625,2289.0625
597,300.78125,2320.3125
1919,257.8125,2320.3125
1789,289.0625,2289.0625
2239,285.15625,2359.375
1892,328.125,2171.875
1617,304.6875,2402.34375
552,363.28125,2226.5625
1903,261.71875,2230.46875
715,269.53125,2292.96875
694,285.15625,2285.15625
2340,242.1875,2359.375
1778,296.875,2292.96875
1353,292.96875,2253.90625
2313,234.375,2367.1875
2349,277.34375,2351.5625
1346,296.875,2257.8125
1444,312.5,2160.15625
815,300.78125,2339.84375
2320,238.28125,2375.0
754,304.6875,2285.15625
1260,328.125,2320.3125
1207,324.21875,2304.6875
1529,328.125,2425.78125
1512,320.3125,2476.5625
1779,285.15625,2285.15625
893,351.5625,2277.34375
1266,308.59375,2324.21875
368,363.28125,2113.28125
660,292.96875,2269.53125
254,324.21875,2203.125
1837,292.96875,2261.71875
1373,308.59375,2277.34375
57,261.71875,2359.375
1668,332.03125,2417.96875
308,308.59375,2160.15625
1672,328.125,2433.59375
1123,304.6875,2207.03125
1390,304.6875,2265.625
1956,277.34375,2343.75
1741,316.40625,2429.6875
2289,250.0,2398.4375
118,285.15625,2191.40625
789,339.84375,2324.21875
1802,277.34375,2242.1875
942,304.6875,2300.78125
576,363.28125,2226.5625
472,308.59375,2175.78125
936,339.84375,2304.6875
1119,312.5,2218.75
1962,269.53125,2339.84375
2050,265.625,2265.625
1776,281.25,2281.25
1486,320.3125,2449.21875
1870,324.21875,2242.1875
230,320.3125,2199.21875
771,300.78125,2261.71875
487,316.40625,2183.59375
1172,300.78125,2226.5625
692,292.96875,2292.96875
600,277.34375,2308.59375
1380,300.78125,2285.15625
1739,324.21875,2417.96875
1600,296.875,2285.15625
1106,332.03125,2234.375
1992,371.09375,2128.90625
1794,269.53125,2273.4375
549,359.375,2230.46875
1906,250.0,2269.53125
1893,304.6875,2187.5
1511,312.5,2480.46875
125,312.5,2160.15625
981,312.5,2265.625
1375,316.40625,2281.25
1195,292.96875,2332.03125
113,277.34375,2261.71875
582,371.09375,2187.5
1387,308.59375,2281.25
2284,238.28125,2382.8125
2377,273.4375,2292.96875
506,328.125,2191.40625
2017,292.96875,2343.75
376,339.84375,2132.8125
806,296.875,2324.21875
1689,335.9375,2460.9375
1027,328.125,2281.25
2376,218.75,2277.34375
195,316.40625,2117.1875
1404,316.40625,2257.8125
813,292.96875,2335.9375
2384,1613.28125,2253.90625
833,328.125,2332.03125
218,316.40625,2175.78125
16,242.1875,2347.65625
1770,285.15625,2277.34375
1316,292.96875,2156.25
1023,343.75,2269.53125
546,359.375,2238.28125
700,281.25,2296.875
1186,285.15625,2289.0625
2278,300.78125,2433.59375
1869,312.5,2234.375
37,265.625,2390.625
1676,343.75,2414.0625
263,324.21875,2222.65625
1610,308.59375,2335.9375
297,316.40625,2140.625
696,269.53125,2289.0625
2171,265.625,2335.9375
2331,253.90625,2359.375
1003,316.40625,2273.4375
585,382.8125,2097.65625
1299,308.59375,2199.21875
538,359.375,2226.5625
364,355.46875,2195.3125
2076,308.59375,2234.375
2051,277.34375,2269.53125
1847,300.78125,2273.4375
2025,261.71875,2296.875
2232,300.78125,2308.59375
2091,304.6875,2253.90625
1025,312.5,2273.4375
1269,316.40625,2324.21875
621,289.0625,2285.15625
221,324.21875,2187.5
453,375.0,2195.3125
1137,289.0625,2195.3125
924,285.15625,2296.875
1369,304.6875,2277.34375
1181,300.78125,2308.59375
807,339.84375,2339.84375
1087,265.625,2281.25
787,320.3125,2285.15625
610,300.78125,2320.3125
2122,250.0,2285.15625
359,339.84375,2191.40625
555,363.28125,2226.5625
1462,328.125,2273.4375
1718,335.9375,2437.5
1654,335.9375,2421.875
1285,308.59375,2253.90625
473,312.5,2175.78125
1575,316.40625,2238.28125
1618,312.5,2402.34375
60,261.71875,2351.5625
489,316.40625,2199.21875
158,292.96875,2242.1875
242,316.40625,2203.125
712,261.71875,2289.0625
2214,269.53125,2304.6875
2224,269.53125,2328.125
2264,242.1875,2343.75
1503,316.40625,2468.75
1960,285.15625,2343.75
638,296.875,2261.71875
987,308.59375,2265.625
1107,285.15625,2222.65625
645,296.875,2257.8125
1370,300.78125,2281.25
219,320.3125,2179.6875
180,304.6875,2246.09375
2325,277.34375,2351.5625
1566,308.59375,2363.28125
108,253.90625,2257.8125
674,332.03125,2308.59375
111,265.625,2273.4375
1641,316.40625,2468.75
1513,316.40625,2476.5625
1567,320.3125,2339.84375
1885,324.21875,2199.21875
601,289.0625,2304.6875
1364,308.59375,2265.625
531,347.65625,2222.65625
2078,292.96875,2261.71875
1182,320.3125,2292.96875
312,312.5,2156.25
745,296.875,2292.96875
240,320.3125,2203.125
2158,253.90625,2339.84375
2044,273.4375,2230.46875
109,261.71875,2265.625
1830,296.875,2253.90625
468,320.3125,2160.15625
657,300.78125,2265.625
606,281.25,2304.6875
1477,324.21875,2402.34375
977,296.875,2265.625
1004,312.5,2277.34375
790,335.9375,2316.40625
1774,277.34375,2281.25
2173,261.71875,2324.21875
1533,332.03125,2398.4375
1399,316.40625,2257.8125
1803,281.25,2238.28125
1576,304.6875,2210.9375
762,296.875,2273.4375
1797,281.25,2277.34375
1093,308.59375,2257.8125
767,296.875,2261.71875
288,328.125,2066.40625
1416,312.5,2312.5
1465,320.3125,2296.875
1103,289.0625,2230.46875
1598,312.5,2269.53125
47,253.90625,2367.1875
1017,316.40625,2269.53125
897,347.65625,2289.0625
2202,265.625,2324.21875
1931,324.21875,2281.25
1536,343.75,2371.09375
1388,304.6875,2273.4375
1493,312.5,2460.9375
1122,339.84375,2222.65625
1883,316.40625,2187.5
1421,304.6875,2300.78125
1840,296.875,2265.625
1752,308.59375,2250.0
284,320.3125,2031.25
2279,238.28125,2367.1875
1230,324.21875,2320.3125
1799,277.34375,2269.53125
1848,300.78125,2277.34375
1624,316.40625,2433.59375
1942,250.0,2339.84375
2356,238.28125,2421.875
503,328.125,2191.40625
2196,269.53125,2316.40625
648,300.78125,2257.8125
1291,351.5625,2214.84375
1891,304.6875,2191.40625
2156,261.71875,2343.75
1809,285.15625,2230.46875
1791,273.4375,2285.15625
85,257.8125,2335.9375
2103,300.78125,2199.21875
2316,253.90625,2371.09375
1446,312.5,2167.96875
744,300.78125,2289.0625
510,332.03125,2195.3125
1929,250.0,2335.9375
1314,292.96875,2125.0
1728,332.03125,2410.15625
534,371.09375,2222.65625
300,320.3125,2144.53125
1595,292.96875,2285.15625
374,343.75,2125.0
740,289.0625,2296.875
7,265.625,2378.90625
513,343.75,2195.3125
1272,316.40625,2324.21875
2116,292.96875,2277.34375
1127,335.9375,2214.84375
1899,320.3125,2140.625
132,312.5,2179.6875
4,261.71875,2343.75
839,292.96875,2304.6875
2102,269.53125,2226.5625
1323,281.25,2187.5
1302,351.5625,2371.09375
2258,269.53125,2339.84375
2302,246.09375,2386.71875
1052,289.0625,2277.34375
418,359.375,2183.59375
1694,335.9375,2457.03125
1070,308.59375,2289.0625
611,281.25,2300.78125
553,363.28125,2226.5625
1409,308.59375,2277.34375
1957,265.625,2335.9375
2128,253.90625,2308.59375
891,285.15625,2269.53125
2007,265.625,2332.03125
1228,320.3125,2332.03125
1989,269.53125,1531.25
2024,265.625,2296.875
2089,265.625,2253.90625
1785,312.5,2289.0625
748,300.78125,2289.0625
1652,335.9375,2417.96875
2227,285.15625,2339.84375
466,375.0,2148.4375
2176,269.53125,2328.125
1483,324.21875,2433.59375
105,281.25,2281.25
1420,304.6875,2304.6875
2290,226.5625,2390.625
885,296.875,2289.0625
1150,308.59375,2207.03125
107,289.0625,2242.1875
911,320.3125,2261.71875
1321,285.15625,2179.6875
1177,289.0625,2269.53125
1046,320.3125,2253.90625
846,285.15625,2285.15625
353,339.84375,2207.03125
518,339.84375,2191.40625
825,265.625,2339.84375
1653,339.84375,2414.0625
143,300.78125,2203.125
514,339.84375,2191.40625
591,285.15625,2265.625
1548,320.3125,2363.28125
560,363.28125,2230.46875
1359,304.6875,2273.4375
1972,324.21875,2339.84375
1345,300.78125,2250.0
1360,308.59375,2265.625
2324,253.90625,2375.0
456,371.09375,2207.03125
1343,304.6875,2222.65625
1501,312.5,2460.9375
890,289.0625,2277.34375
2105,292.96875,2226.5625
1669,339.84375,2417.96875
51,265.625,2371.09375
682,273.4375,2296.875
1340,289.0625,2257.8125
1076,316.40625,2281.25
1281,351.5625,2273.4375
1466,300.78125,2324.21875
1401,316.40625,2257.8125
13,308.59375,2433.59375
1766,285.15625,2273.4375
753,300.78125,2285.15625
1629,316.40625,2464.84375
129,312.5,2179.6875
769,328.125,2257.8125
1518,308.59375,2480.46875
1094,300.78125,2253.90625
1988,1515.625,2023.4375
1185,296.875,2296.875
126,285.15625,2156.25
1349,296.875,2250.0
2319,242.1875,2375.0
2094,324.21875,2257.8125
427,359.375,2187.5
210,320.3125,2164.0625
2157,253.90625,2339.84375
974,339.84375,2273.4375
973,332.03125,2273.4375
798,324.21875,2312.5
1058,277.34375,2289.0625
1363,300.78125,2269.53125
1163,289.0625,2191.40625
2084,257.8125,2269.53125
940,296.875,2292.96875
903,320.3125,2308.59375
1392,308.59375,2265.625
1642,312.5,2449.21875
820,332.03125,2347.65625
2184,265.625,2324.21875
841,308.59375,2300.78125
739,289.0625,2296.875
916,292.96875,2230.46875
2306,253.90625,2378.90625
182,304.6875,2242.1875
1666,335.9375,2429.6875
411,355.46875,2179.6875
1939,253.90625,2343.75
1738,320.3125,2421.875
1315,289.0625,2121.09375
509,347.65625,2199.21875
727,277.34375,2296.875
1897,332.03125,2171.875
24,273.4375,2375.0
604,292.96875,2304.6875
2135,242.1875,2324.21875
1686,343.75,2476.5625
1348,292.96875,2246.09375
1544,332.03125,2359.375
1418,304.6875,2304.6875
1878,320.3125,2195.3125
55,261.71875,2363.28125
2209,269.53125,2324.21875
363,371.09375,2195.3125
486,308.59375,2183.59375
1961,277.34375,2339.84375
668,292.96875,2296.875
2205,269.53125,2312.5
1081,304.6875,2277.34375
631,296.875,2261.71875
1222,312.5,2304.6875
2370,242.1875,2394.53125
689,312.5,2304.6875
1296,308.59375,2289.0625
171,292.96875,2250.0
1226,320.3125,2300.78125
479,300.78125,2187.5
656,296.875,2273.4375
1846,304.6875,2269.53125
1927,265.625,2351.5625
329,328.125,2199.21875
1647,328.125,2402.34375
74,269.53125,2359.375
10,292.96875,2343.75
1915,300.78125,2320.3125
1937,296.875,2347.65625
26,261.71875,2378.90625
190,312.5,2132.8125
1224,316.40625,2316.40625
1563,312.5,2347.65625
664,289.0625,2273.4375
318,332.03125,2179.6875
594,304.6875,2277.34375
718,277.34375,2292.96875
2323,242.1875,2375.0
1755,316.40625,2257.8125
2327,257.8125,2367.1875
835,296.875,2324.21875
1775,320.3125,2277.34375
268,320.3125,2230.46875
115,355.46875,2480.46875
654,296.875,2269.53125
1115,335.9375,2230.46875
1221,320.3125,2304.6875
2000,312.5,2269.53125
1879,320.3125,2203.125
2077,277.34375,2273.4375
620,289.0625,2289.0625
78,261.71875,2347.65625
1247,351.5625,2296.875
626,300.78125,2273.4375
2274,269.53125,2433.59375
67,253.90625,2355.46875
970,304.6875,2277.34375
956,289.0625,2304.6875
1413,304.6875,2304.6875
1751,355.46875,2238.28125
1838,296.875,2265.625
264,316.40625,2226.5625
605,328.125,2285.15625
437,363.28125,2179.6875
1042,292.96875,2257.8125
733,378.90625,2289.0625
279,382.8125,2101.5625
1845,300.78125,2246.09375
1499,308.59375,2449.21875
1125,316.40625,2210.9375
97,253.90625,2324.21875
1565,312.5,2367.1875
89,261.71875,2347.65625
336,332.03125,2195.3125
426,359.375,2187.5
1199,316.40625,2312.5
872,312.5,2300.78125
1467,316.40625,2328.125
1944,328.125,2316.40625
2096,320.3125,2292.96875
2249,511.71875,2136.71875
237,316.40625,2203.125
543,359.375,2226.5625
994,324.21875,2273.4375
1704,339.84375,2468.75
1065,265.625,2292.96875
539,359.375,2230.46875
1675,339.84375,2406.25
1526,320.3125,2445.3125
265,324.21875,2222.65625
303,320.3125,2167.96875
1262,324.21875,2328.125
1581,312.5,2191.40625
1490,316.40625,2457.03125
1433,308.59375,2195.3125
2092,281.25,2238.28125
1086,316.40625,2281.25
1246,312.5,2324.21875
1589,312.5,2234.375
1414,312.5,2304.6875
1469,312.5,2347.65625
1701,339.84375,2457.03125
142,300.78125,2203.125
1509,320.3125,2472.65625
593,289.0625,2289.0625
1722,335.9375,2429.6875
1426,300.78125,2242.1875
947,296.875,2308.59375
124,285.15625,2160.15625
357,351.5625,2207.03125
1376,312.5,2281.25
1877,320.3125,2203.125
1085,285.15625,2273.4375
410,359.375,2179.6875
634,292.96875,2257.8125
751,304.6875,2285.15625
578,367.1875,2222.65625
253,320.3125,2199.21875
949,324.21875,2320.3125
66,265.625,2351.5625
2265,261.71875,2320.3125
327,328.125,2203.125
54,261.71875,2363.28125
1621,308.59375,2437.5
910,417.96875,2347.65625
870,316.40625,2300.78125
2342,234.375,2355.46875
11,339.84375,2257.8125
2369,269.53125,2308.59375
1709,339.84375,2453.125
1574,328.125,2230.46875
152,300.78125,2234.375
2193,261.71875,2316.40625
676,328.125,2339.84375
717,261.71875,2289.0625
1402,312.5,2261.71875
1157,441.40625,2207.03125
2223,246.09375,2339.84375
23,261.71875,2367.1875
194,320.3125,2105.46875
635,296.875,2257.8125
2028,265.625,2289.0625
1441,312.5,2156.25
598,281.25,2304.6875
886,316.40625,2289.0625
1744,316.40625,2386.71875
1827,292.96875,2246.09375
749,296.875,2289.0625
1527,324.21875,2445.3125
720,273.4375,2289.0625
174,308.59375,2257.8125
1451,277.34375,2324.21875
86,265.625,2339.84375
880,339.84375,2300.78125
583,375.0,2175.78125
1311,269.53125,2140.625
1121,332.03125,2214.84375
1256,308.59375,2320.3125
1110,281.25,2226.5625
1045,316.40625,2253.90625
1328,289.0625,2210.9375
1828,292.96875,2269.53125
2220,265.625,2324.21875
1397,320.3125,2261.71875
1021,355.46875,2269.53125
724,281.25,2296.875
2276,253.90625,2343.75
1508,320.3125,2476.5625
92,257.8125,2339.84375
2120,289.0625,2269.53125
2188,265.625,2320.3125
805,281.25,2320.3125
726,273.4375,2296.875
803,273.4375,2308.59375
1657,335.9375,2425.78125
2288,253.90625,2406.25
293,328.125,2105.46875
1556,320.3125,2363.28125
2066,269.53125,2246.09375
1585,343.75,2222.65625
2355,261.71875,2339.84375
1434,292.96875,2187.5
602,281.25,2300.78125
2123,250.0,2273.4375
2311,253.90625,2371.09375
1354,300.78125,2257.8125
665,328.125,2300.78125
1993,289.0625,2195.3125
2359,382.8125,2242.1875
1435,320.3125,2234.375
719,273.4375,2292.96875
197,312.5,2140.625
2033,281.25,2273.4375
25,269.53125,2378.90625
1075,273.4375,2269.53125
780,304.6875,2261.71875
670,328.125,2304.6875
30,261.71875,2375.0
1324,285.15625,2187.5
596,292.96875,2316.40625
401,343.75,2167.96875
31,277.34375,2375.0
1582,289.0625,2265.625
1614,308.59375,2363.28125
823,265.625,2335.9375
110,3.90625,2300.78125
504,332.03125,2191.40625
1286,308.59375,2273.4375
704,285.15625,2292.96875
2280,238.28125,2390.625
2141,246.09375,2347.65625
2118,105.46875,2316.40625
1002,316.40625,2273.4375
216,320.3125,2175.78125
1270,339.84375,2320.3125
1611,308.59375,2335.9375
824,265.625,2339.84375
1069,320.3125,2296.875
1105,281.25,2230.46875
877,308.59375,2296.875
526,339.84375,2214.84375
574,343.75,2226.5625
302,324.21875,2160.15625
1732,324.21875,2386.71875
944,281.25,2304.6875
2,285.15625,2281.25
2046,289.0625,2265.625
484,304.6875,2175.78125
1662,335.9375,2410.15625
19,257.8125,2363.28125
259,312.5,2207.03125
1933,281.25,2351.5625
34,257.8125,2398.4375
517,339.84375,2191.40625
493,324.21875,2179.6875
618,292.96875,2296.875
632,300.78125,2253.90625
1459,308.59375,2285.15625
1464,304.6875,2320.3125
2149,250.0,2347.65625
1133,296.875,2199.21875
614,292.96875,2300.78125
2048,269.53125,2281.25
1965,308.59375,2339.84375
711,289.0625,2285.15625
2161,253.90625,2339.84375
245,312.5,2203.125
428,371.09375,2183.59375
545,359.375,2234.375
137,300.78125,2199.21875
2100,285.15625,2218.75
165,304.6875,2253.90625
2112,285.15625,2218.75
1044,316.40625,2253.90625
1974,269.53125,2335.9375
139,296.875,2195.3125
2339,257.8125,2351.5625
1918,277.34375,2328.125
615,300.78125,2300.78125
647,300.78125,2257.8125
2300,242.1875,2394.53125
1295,324.21875,2277.34375
2010,277.34375,2289.0625
658,300.78125,2273.4375
1258,312.5,2316.40625
1981,269.53125,2355.46875
470,312.5,2164.0625
2292,253.90625,2394.53125
1534,343.75,2386.71875
394,332.03125,2160.15625
1782,277.34375,2289.0625
1765,273.4375,2285.15625
527,339.84375,2214.84375
1759,312.5,2257.8125
2041,265.625,2281.25
1817,292.96875,2242.1875
2047,289.0625,2343.75
1487,328.125,2457.03125
2132,246.09375,2312.5
871,285.15625,2300.78125
776,296.875,2242.1875
1545,328.125,2359.375
2210,257.8125,2328.125
1307,261.71875,2109.375
326,332.03125,2199.21875
1024,312.5,2269.53125
1277,355.46875,2277.34375
2262,250.0,2398.4375
1319,281.25,2144.53125
2226,269.53125,2320.3125
1583,335.9375,2308.59375
2032,269.53125,2289.0625
1014,312.5,2277.34375
1151,308.59375,2207.03125
761,292.96875,2273.4375
1211,312.5,2300.78125
1355,308.59375,2257.8125
1711,339.84375,2457.03125
1643,316.40625,2460.9375
80,265.625,2343.75
709,304.6875,2300.78125
149,304.6875,2234.375
629,296.875,2261.71875
2257,250.0,2382.8125
1337,296.875,2191.40625
2168,253.90625,2335.9375
2250,2496.09375,2500.0
188,304.6875,2207.03125
249,312.5,2195.3125
2065,257.8125,2265.625
421,359.375,2183.59375
343,339.84375,2203.125
1859,320.3125,2222.65625
693,273.4375,2289.0625
853,304.6875,2281.25
226,320.3125,2191.40625
1560,316.40625,2347.65625
1445,316.40625,2195.3125
736,285.15625,2312.5
778,292.96875,2246.09375
90,277.34375,2339.84375
2179,253.90625,2332.03125
1561,316.40625,2355.46875
672,335.9375,2312.5
1218,320.3125,2296.875
955,324.21875,2308.59375
1577,324.21875,1929.6875
1215,320.3125,2324.21875
1347,292.96875,2253.90625
1054,296.875,2214.84375
287,324.21875,2050.78125
1543,328.125,2363.28125
896,300.78125,2269.53125
983,316.40625,2269.53125
1165,312.5,2214.84375
420,363.28125,2183.59375
1422,308.59375,2316.40625
373,375.0,2140.625
608,277.34375,2300.78125
1505,316.40625,2472.65625
1117,347.65625,2230.46875
2312,246.09375,2367.1875
102,304.6875,2281.25
1554,332.03125,2371.09375
1546,324.21875,2359.375
1920,261.71875,2324.21875
2152,250.0,2335.9375
1558,312.5,2363.28125
1217,316.40625,2304.6875
2143,265.625,2332.03125
1737,320.3125,2394.53125
1871,320.3125,2246.09375
2181,253.90625,2324.21875
1525,324.21875,2449.21875
385,351.5625,2152.34375
1284,316.40625,2285.15625
1129,312.5,2203.125
1671,347.65625,2398.4375
1276,320.3125,2312.5
2055,281.25,2273.4375
640,296.875,2257.8125
1130,312.5,2199.21875
443,367.1875,2179.6875
797,296.875,2308.59375
1496,320.3125,2460.9375
2022,253.90625,2320.3125
200,320.3125,2140.625
887,304.6875,2285.15625
2233,308.59375,2378.90625
183,296.875,2230.46875
569,359.375,2230.46875
1823,292.96875,2238.28125
1320,281.25,2167.96875
577,351.5625,2214.84375
1724,324.21875,2417.96875
2241,281.25,2296.875
1872,320.3125,2238.28125
901,335.9375,2300.78125
1032,316.40625,2277.34375
1250,320.3125,2312.5
95,253.90625,2312.5
2101,296.875,2199.21875
1639,316.40625,2449.21875
1457,304.6875,2281.25
1550,324.21875,2363.28125
888,300.78125,2285.15625
164,300.78125,2253.90625
525,339.84375,2210.9375
98,273.4375,2324.21875
1630,320.3125,2464.84375
2020,269.53125,2300.78125
1325,285.15625,2203.125
1200,304.6875,2324.21875
2309,246.09375,2375.0
1805,285.15625,2218.75
828,273.4375,2328.125
1494,320.3125,2468.75
1267,308.59375,2328.125
2371,253.90625,2355.46875
445,390.625,2179.6875
1036,355.46875,2281.25
1327,273.4375,2207.03125
2002,285.15625,2281.25
1688,355.46875,2457.03125
2151,253.90625,2339.84375
691,308.59375,2300.78125
1773,281.25,2292.96875
1792,296.875,2265.625
535,363.28125,2226.5625
1283,343.75,2253.90625
788,347.65625,2281.25
236,320.3125,2203.125
1454,265.625,2351.5625
702,332.03125,2316.40625
1660,335.9375,2417.96875
990,328.125,2265.625
1160,367.1875,2253.90625
199,328.125,2140.625
267,324.21875,2226.5625
1030,343.75,2285.15625
1447,304.6875,2195.3125
2363,269.53125,2406.25
494,324.21875,2191.40625
1275,343.75,2292.96875
2058,261.71875,2273.4375
1795,277.34375,2289.0625
905,316.40625,2328.125
1605,296.875,2320.3125
1587,300.78125,2257.8125
1278,308.59375,2292.96875
1498,320.3125,2460.9375
876,324.21875,2300.78125
1687,328.125,2441.40625
2345,253.90625,2359.375
2228,296.875,722.65625
2068,277.34375,2265.625
2090,292.96875,2242.1875
1696,343.75,2457.03125
49,257.8125,2359.375
1244,328.125,2296.875
345,339.84375,2203.125
879,281.25,2300.78125
1707,335.9375,2460.9375
982,316.40625,2269.53125
